<?xml version="1.0" encoding="UTF-8" ?>
<!DOCTYPE mapper
PUBLIC "-//mybatis.org//DTD Mapper 3.0//EN"
"http://mybatis.org/dtd/mybatis-3-mapper.dtd">
<mapper namespace="c">
	
	<select id="list" resultType="content" parameterType="String">
		select * from b_log_content where id = #{id} order by idx desc
	</select>
	
	<select id="login_check" resultType="login" parameterType="String">
		select * from b_log_login where id = #{id}
	</select>
	
	<select id="show" resultType="content" parameterType="int">
		select * from b_log_content where idx = #{idx}
	</select>
	
	<insert id="user_insert" parameterType="login" >
		insert into B_LOG_LOGIN values(
			#{id},
			#{pwd}
		)	
	</insert>
	
	<insert id="content_insert" parameterType="content">
		insert into b_log_content values(
			seq_con_idx.nextval,
			#{id},
			#{subject},
			#{content},
			#{photo},
			#{ip},
			sysdate,
			0
		)
	</insert>
	
	<delete id="delete" parameterType="int">
		delete from b_log_content where idx=#{idx}
	</delete>
	
	<update id="update_readhit" parameterType="int">
		update b_log_content set readhit = readhit+1 where idx=#{idx}
	</update>
	
	<update id="modify" parameterType="content">
		update b_log_content set subject=#{subject}, content=#{content},
			ip=#{ip}, photo=#{photo}, regdate=sysdate where idx=#{idx}
	</update>
	
</mapper>












