<?xml version="1.0" encoding="UTF-8" ?>
<!DOCTYPE mapper
PUBLIC "-//mybatis.org//DTD Mapper 3.0//EN"
"http://mybatis.org/dtd/mybatis-3-mapper.dtd">
<mapper namespace="r">
	
	<select id="reply_list_condition" resultType="reply" parameterType="java.util.Map">
		select * from ( select rank() over( order by ref desc, step asc ) no, b.*  
	     				from( select * from b_log_reply where perIdx=#{idx} ) b
	     				)
						where no between #{start} and #{end}
	</select>
	
	<!-- 전체 게시물 수 조회 -->
	<select id="rep_count" resultType="int">
		select COUNT(*) from b_log_reply where perIdx=#{idx}
	</select>
	
	<!-- 게시글 삭제시 댓글 전부 삭제 -->
	<delete id="rep_delete_all" parameterType="int">
      delete from b_log_reply where perIdx=#{idx}
   </delete>
	
	<!-- step증가 -->
	<update id="update_step" parameterType="reply">
		update b_log_reply set step = step + 1
		where ref=#{ref} and step > #{step} 
	</update>
	
	<!-- 댓글 추가 -->
	<insert id="rep_insert" parameterType="reply">
		insert into b_log_reply values(
			seq_reply_idx.nextVal,
			#{idx},
			#{id},
			#{content},
			#{ip},
			sysdate,
			seq_reply_idx.nextVal,
			#{step}
		)	
	</insert>
	
	<!-- 대댓글 추가 -->
	<insert id="rep_r_insert" parameterType="reply">
		insert into b_log_reply values(
			seq_reply_idx.nextVal,
			#{idx},
			#{id},
			#{content},
			#{ip},
			sysdate,
			#{ref},
			#{step}
		)	
	</insert>

	<!-- 댓글 내림차순 -->
	<select id="show_r" resultType="reply" parameterType="int">
		select * from b_log_reply where perIdx = #{idx} order by ref desc, step asc
		
	</select>
	
	<!-- 댓글 삭제 -->
	<delete id="rep_delete" parameterType="int">
		delete from b_log_reply where ref=#{idx} or idx=#{idx}
	</delete>
	
	<!-- 댓글 한가지 정보 가져오기 -->
	<select id="show_r_one" resultType="reply" parameterType="int">
		select * from b_log_reply where idx = #{idx}
	</select>
	
</mapper>












